[{"pk": 1, "model": "aulas.edificio", "fields": {"codigo_postal": "9100", "nombre": "Sede Trelew", "telefonos": [], "direccion": "9 de Julio y Blegrano"}}, {"pk": 1, "model": "aulas.aula", "fields": {"nombre": "Aula", "edificio": 1, "numero": 1, "capacidad": 40}}, {"pk": 2, "model": "aulas.aula", "fields": {"nombre": "Aula", "edificio": 1, "numero": 2, "capacidad": 35}}, {"pk": 3, "model": "aulas.aula", "fields": {"nombre": "Aula", "edificio": 1, "numero": 3, "capacidad": 30}}, {"pk": 4, "model": "aulas.aula", "fields": {"nombre": "Aula", "edificio": 1, "numero": 4, "capacidad": 30}}, {"pk": 5, "model": "aulas.aula", "fields": {"nombre": "Aula", "edificio": 1, "numero": 5, "capacidad": 40}}, {"pk": 6, "model": "aulas.aula", "fields": {"nombre": "Aula", "edificio": 1, "numero": 6, "capacidad": 40}}, {"pk": 7, "model": "aulas.aula", "fields": {"nombre": "Aula", "edificio": 1, "numero": 7, "capacidad": 35}}, {"pk": 8, "model": "aulas.aula", "fields": {"nombre": "Aula", "edificio": 1, "numero": 8, "capacidad": 40}}, {"pk": 9, "model": "aulas.aula", "fields": {"nombre": "Aula", "edificio": 1, "numero": 13, "capacidad": 35}}, {"pk": 10, "model": "aulas.aula", "fields": {"nombre": "Aula", "edificio": 1, "numero": 14, "capacidad": 35}}, {"pk": 11, "model": "aulas.aula", "fields": {"nombre": "Computos Economicas", "edificio": 1, "numero": 15, "capacidad": 20}}, {"pk": 12, "model": "aulas.aula", "fields": {"nombre": "Computos Economicas", "edificio": 1, "numero": 16, "capacidad": 20}}, {"pk": 13, "model": "aulas.aula", "fields": {"nombre": "Aula", "edificio": 1, "numero": 17, "capacidad": 80}}, {"pk": 14, "model": "aulas.aula", "fields": {"nombre": "Aula", "edificio": 1, "numero": 18, "capacidad": 90}}, {"pk": 15, "model": "aulas.aula", "fields": {"nombre": "Aula", "edificio": 1, "numero": 19, "capacidad": 70}}, {"pk": 16, "model": "aulas.aula", "fields": {"nombre": "Aula", "edificio": 1, "numero": 20, "capacidad": 35}}, {"pk": 17, "model": "aulas.aula", "fields": {"nombre": "Aula", "edificio": 1, "numero": 22, "capacidad": 60}}, {"pk": 18, "model": "aulas.aula", "fields": {"nombre": "Aula", "edificio": 1, "numero": 23, "capacidad": 30}}, {"pk": 19, "model": "aulas.aula", "fields": {"nombre": "Aula", "edificio": 1, "numero": 24, "capacidad": 75}}, {"pk": 20, "model": "aulas.aula", "fields": {"nombre": "Aula", "edificio": 1, "numero": 25, "capacidad": 75}}, {"pk": 21, "model": "aulas.aula", "fields": {"nombre": "Aula de eventos y convenciones ", "edificio": 1, "numero": 55, "capacidad": 120}}, {"pk": 22, "model": "aulas.aula", "fields": {"nombre": "Aula", "edificio": 1, "numero": 57, "capacidad": 120}}, {"pk": 23, "model": "aulas.aula", "fields": {"nombre": "Aula", "edificio": 1, "numero": 59, "capacidad": 60}}, {"pk": 24, "model": "aulas.aula", "fields": {"nombre": "Aula", "edificio": 1, "numero": 61, "capacidad": 80}}, {"pk": 25, "model": "aulas.aula", "fields": {"nombre": "Aula", "edificio": 1, "numero": 63, "capacidad": 100}}, {"pk": 26, "model": "aulas.aula", "fields": {"nombre": "Hidr\u00e1ulica 4", "edificio": 1, "numero": null, "capacidad": 15}}, {"pk": 27, "model": "aulas.aula", "fields": {"nombre": "Hidr\u00e1ulica 1", "edificio": 1, "numero": null, "capacidad": 15}}, {"pk": 28, "model": "aulas.aula", "fields": {"nombre": "S.U.M.", "edificio": 1, "numero": null, "capacidad": 15}}, {"pk": 29, "model": "aulas.aula", "fields": {"nombre": "Hidr\u00e1ulica 3", "edificio": 1, "numero": null, "capacidad": 15}}, {"pk": 30, "model": "aulas.aula", "fields": {"nombre": "Hidr\u00e1ulica 2", "edificio": 1, "numero": null, "capacidad": 15}}, {"pk": 31, "model": "aulas.aula", "fields": {"nombre": "Laboratorio Qu\u00edmica", "edificio": 1, "numero": null, "capacidad": null}}, {"pk": 32, "model": "aulas.aula", "fields": {"nombre": "Laboratorio F\u00edsica", "edificio": 1, "numero": null, "capacidad": null}}, {"pk": 33, "model": "aulas.aula", "fields": {"nombre": "Aula Dibujo", "edificio": 1, "numero": null, "capacidad": 25}}, {"pk": 34, "model": "aulas.aula", "fields": {"nombre": "Laboratorio Biolog\u00eda", "edificio": 1, "numero": null, "capacidad": null}}, {"pk": 1, "model": "aulas.facultad", "fields": {"color": "CC0000", "nombre": "Humanidades"}}, {"pk": 2, "model": "aulas.facultad", "fields": {"color": "006600", "nombre": "Naturales"}}, {"pk": 3, "model": "aulas.facultad", "fields": {"color": "CC66CC", "nombre": "Derecho"}}, {"pk": 4, "model": "aulas.facultad", "fields": {"color": "0066FF", "nombre": "Ingenier\u00eda"}}, {"pk": 5, "model": "aulas.facultad", "fields": {"color": "FFCC00", "nombre": "Ciencias Econ\u00f3micas"}}, {"pk": 1, "model": "aulas.carrera", "fields": {"nombre": "Abogac\u00eda", "facultad": 3}}, {"pk": 2, "model": "aulas.carrera", "fields": {"nombre": "Abogac\u00eda Especialista para la Magistratura", "facultad": 3}}, {"pk": 3, "model": "aulas.carrera", "fields": {"nombre": "Analista Programador Universitario", "facultad": 4}}, {"pk": 4, "model": "aulas.carrera", "fields": {"nombre": "Ingenier\u00eda Civil Orientaci\u00f3n Construcciones", "facultad": 4}}, {"pk": 5, "model": "aulas.carrera", "fields": {"nombre": "Ingenier\u00eda Civil Orientaci\u00f3n Hidr\u00e1ulica", "facultad": 4}}, {"pk": 6, "model": "aulas.carrera", "fields": {"nombre": "Ingenier\u00eda Electr\u00f3nica", "facultad": 4}}, {"pk": 7, "model": "aulas.carrera", "fields": {"nombre": "Ingenier\u00eda en Petr\u00f3leo", "facultad": 4}}, {"pk": 8, "model": "aulas.carrera", "fields": {"nombre": "Ingenier\u00eda Forestal", "facultad": 4}}, {"pk": 9, "model": "aulas.carrera", "fields": {"nombre": "Ingenier\u00eda Industrial", "facultad": 4}}, {"pk": 10, "model": "aulas.carrera", "fields": {"nombre": "Ingenier\u00eda Mec\u00e1nica", "facultad": 4}}, {"pk": 11, "model": "aulas.carrera", "fields": {"nombre": "Ingenier\u00eda Qu\u00edmica", "facultad": 4}}, {"pk": 12, "model": "aulas.carrera", "fields": {"nombre": "Licenciatura en Higiene y Seguridad en el Trabajo", "facultad": 4}}, {"pk": 13, "model": "aulas.carrera", "fields": {"nombre": "Licenciatura en Inform\u00e1tica", "facultad": 4}}, {"pk": 14, "model": "aulas.carrera", "fields": {"nombre": "Licenciatura en Matem\u00e1tica", "facultad": 4}}, {"pk": 15, "model": "aulas.carrera", "fields": {"nombre": "Profesorado de Tercer Ciclo de la Educaci\u00f3n General B\u00e1sica y de la Educaci\u00f3n Polimodal en Matem\u00e1tica", "facultad": 4}}, {"pk": 16, "model": "aulas.carrera", "fields": {"nombre": "Profesorado en Matem\u00e1tica", "facultad": 4}}, {"pk": 17, "model": "aulas.carrera", "fields": {"nombre": "Licenciatura en Ciencia Pol\u00edtica", "facultad": 1}}, {"pk": 18, "model": "aulas.carrera", "fields": {"nombre": "Licenciatura en Comunicaci\u00f3n Social", "facultad": 1}}, {"pk": 19, "model": "aulas.carrera", "fields": {"nombre": "Licenciatura en Geograf\u00eda", "facultad": 1}}, {"pk": 20, "model": "aulas.carrera", "fields": {"nombre": "Licenciatura en Gesti\u00f3n Ambiental", "facultad": 1}}, {"pk": 21, "model": "aulas.carrera", "fields": {"nombre": "Licenciatura en Historia", "facultad": 1}}, {"pk": 22, "model": "aulas.carrera", "fields": {"nombre": "Licenciatura en Letras", "facultad": 1}}, {"pk": 23, "model": "aulas.carrera", "fields": {"nombre": "Licenciatura en Trabajo Social", "facultad": 1}}, {"pk": 24, "model": "aulas.carrera", "fields": {"nombre": "Licenciatura en Turismo", "facultad": 1}}, {"pk": 25, "model": "aulas.carrera", "fields": {"nombre": "Profesorado en Letras EGB y Polimodal", "facultad": 1}}, {"pk": 26, "model": "aulas.carrera", "fields": {"nombre": "Profesorado en Geograf\u00eda EGB y Polimodal", "facultad": 1}}, {"pk": 27, "model": "aulas.carrera", "fields": {"nombre": "Profesorado en Historia EGB", "facultad": 1}}, {"pk": 28, "model": "aulas.carrera", "fields": {"nombre": "Profesorado en Geograf\u00eda", "facultad": 1}}, {"pk": 29, "model": "aulas.carrera", "fields": {"nombre": "Profesorado en Historia", "facultad": 1}}, {"pk": 30, "model": "aulas.carrera", "fields": {"nombre": "Profesorado en Letras", "facultad": 1}}, {"pk": 31, "model": "aulas.carrera", "fields": {"nombre": "Profesorado y Licenciatura en Ciencias de la Educaci\u00f3n", "facultad": 1}}, {"pk": 32, "model": "aulas.carrera", "fields": {"nombre": "Tecnicatura en Turismo", "facultad": 1}}, {"pk": 33, "model": "aulas.carrera", "fields": {"nombre": "Tecnicatura SIG", "facultad": 1}}, {"pk": 34, "model": "aulas.carrera", "fields": {"nombre": "Contador P\u00fablico Nacional", "facultad": 5}}, {"pk": 35, "model": "aulas.carrera", "fields": {"nombre": "Licenciatura en Administraci\u00f3n", "facultad": 5}}, {"pk": 36, "model": "aulas.carrera", "fields": {"nombre": "Licenciatura en Econom\u00eda", "facultad": 5}}, {"pk": 37, "model": "aulas.carrera", "fields": {"nombre": "Licenciatura en Administraci\u00f3n de Empresas Tur\u00edsticas", "facultad": 5}}, {"pk": 38, "model": "aulas.carrera", "fields": {"nombre": "T\u00e9cnico Universitario Contable", "facultad": 5}}, {"pk": 39, "model": "aulas.carrera", "fields": {"nombre": "T\u00e9cnico Universitario en  Administraci\u00f3n P\u00fablica", "facultad": 5}}, {"pk": 40, "model": "aulas.carrera", "fields": {"nombre": "T\u00e9cnico Universitario en  Administraci\u00f3n Bancaria", "facultad": 5}}, {"pk": 41, "model": "aulas.carrera", "fields": {"nombre": "T\u00e9cnico Universitario en Administraci\u00f3n Ambiental", "facultad": 5}}, {"pk": 42, "model": "aulas.carrera", "fields": {"nombre": "T\u00e9cnico Universitario en Administraci\u00f3n de Cooperativas", "facultad": 5}}, {"pk": 43, "model": "aulas.carrera", "fields": {"nombre": "Bioqu\u00edmica", "facultad": 2}}, {"pk": 44, "model": "aulas.carrera", "fields": {"nombre": "Enfermer\u00eda", "facultad": 2}}, {"pk": 45, "model": "aulas.carrera", "fields": {"nombre": "Farmacia", "facultad": 2}}, {"pk": 46, "model": "aulas.carrera", "fields": {"nombre": "Geolog\u00eda", "facultad": 2}}, {"pk": 47, "model": "aulas.carrera", "fields": {"nombre": "Licenciatura en Ciencias Biol\u00f3gicas", "facultad": 2}}, {"pk": 48, "model": "aulas.carrera", "fields": {"nombre": "Profesorado en Ciencias Biol\u00f3gicas", "facultad": 2}}, {"pk": 49, "model": "aulas.carrera", "fields": {"nombre": "Licenciatura en Enfermer\u00eda", "facultad": 2}}, {"pk": 50, "model": "aulas.carrera", "fields": {"nombre": "T\u00e9cnico Universitario en Qu\u00edmica", "facultad": 2}}, {"pk": 51, "model": "aulas.carrera", "fields": {"nombre": "Profesorado en Qu\u00edmica", "facultad": 2}}, {"pk": 52, "model": "aulas.carrera", "fields": {"nombre": "Licenciatura en Qu\u00edmica", "facultad": 2}}, {"pk": 53, "model": "aulas.carrera", "fields": {"nombre": "Profesorado en Ciencias Naturales para 3\u00ba Ciclo de EGB y Polimodal", "facultad": 2}}, {"pk": 54, "model": "aulas.carrera", "fields": {"nombre": "Licenciatura en Protecci\u00f3n y Saneamiento Ambiental", "facultad": 2}}, {"pk": 55, "model": "aulas.carrera", "fields": {"nombre": "T\u00e9cnico Universitario en Protecci\u00f3n Ambiental", "facultad": 2}}, {"pk": 56, "model": "aulas.carrera", "fields": {"nombre": "T\u00e9cnico en Producci\u00f3n Agropecuaria", "facultad": 2}}]
